time_hours,head_m,frequency_hz,flow_m3h,power_kw,power_factor,efficiency_pct,proxy_value,reopt_triggered
0.0,30.0,47.5,0.9378011287760571,0.27533498608246154,0.7491370914913433,32.75806099422887,2.5515885939688983,True
0.041666666666666664,29.97222222222222,47.5,0.9460571151388187,0.27561288280402885,0.749473840718445,32.98256047896338,2.5726121812900176,False
0.08333333333333333,29.944444444444443,48.5,1.2988450199654487,0.30314152508423053,0.7616974198369492,41.13161322463276,3.263580930395002,False
0.125,29.916666666666668,49.5,1.5890104903854094,0.3282666977685729,0.7696389125083798,46.42594167225318,3.7255204810535494,False
0.16666666666666666,29.88888888888889,50.5,1.8429666201405255,0.3527049163580423,0.775102529837125,50.06835322475004,4.050094068510777,False
0.20833333333333331,29.86111111111111,51.5,2.072729565647569,0.3770498001160698,0.7789384747717639,52.625649847842624,4.282004143704218,False
0.24999999999999997,29.833333333333332,52.5,2.2849537053086455,0.4015764632745271,0.7816299960380805,54.41999735872031,4.447442813416707,False
0.29166666666666663,29.805555555555557,53.5,2.4837722129773283,0.42643426210420665,0.783482555377848,55.6550369185653,4.563404898090558,False
0.3333333333333333,29.77777777777778,54.5,2.6719553802736375,0.45171262694607295,0.7847028640278566,56.46857601857111,4.641648062022571,False
0.375,29.75,55.5,2.8514639913890307,0.4774686591519786,0.7854375589787657,56.95837265251043,4.6906679087382095,False
0.4166666666666667,29.72222222222222,56.5,3.0237439859659148,0.503740389797699,0.7857942852641405,57.19619017609367,4.716796175958894,False
0.45833333333333337,29.694444444444443,57.5,3.1898963660051187,0.5305538072091578,0.7858541282649608,57.236085509973876,4.72486144458912,False
0.5,29.666666666666668,58.5,3.350781348254451,0.5579268702752884,0.7856793973822537,57.119598254835815,4.718611005699141,True
0.5416666666666666,29.63888888888889,47.5,1.0410372578852476,0.27862270500113223,0.7532537907167223,35.502527144481526,2.814434167438788,False
0.5833333333333333,29.61111111111111,48.5,1.373146116004135,0.3049081506160035,0.7641270501640284,42.75136677601893,3.441226772543222,False
0.6249999999999999,29.583333333333332,49.5,1.6519016072723405,0.3294854126264852,0.7713237108933609,47.549140595574,3.867093440025601,False
0.6666666666666665,29.555555555555557,50.5,1.8983569891760437,0.35359346722890794,0.7763047581271447,50.86983875142983,4.167790697239445,False
0.7083333333333331,29.52777777777778,51.5,2.1227000220558487,0.3777036013116224,0.7798007737667617,53.20051584450779,4.382492287406575,False
0.7499999999999998,29.5,52.5,2.330767383715571,0.402044993610164,0.7822403839940144,54.82692266267629,4.53486650055453,False
0.7916666666666664,29.47222222222222,53.5,2.526264200860563,0.4267456901677529,0.7838998814500115,55.93325430000773,4.640558190025391,False
0.833333333333333,29.444444444444443,54.5,2.7117120186245973,0.4518837848493347,0.7849687076461259,56.64580509741728,4.710523258713366,False
0.8749999999999997,29.416666666666668,55.5,2.888915835576725,0.4775097334785117,0.7855824983088814,57.05499887258759,4.75274441629488,False
0.9166666666666663,29.38888888888889,56.5,3.0592183605080363,0.5036573753718929,0.7858414976477306,57.22766509848708,4.7732066591459095,False
0.9583333333333329,29.36111111111111,57.5,3.2236491012542734,0.5303498973178823,0.7858215985308286,57.214399020552364,4.776493976262127,False
0.9999999999999996,29.333333333333332,58.5,3.3830169689670027,0.557603295043733,0.7855813439167526,57.05422927783509,4.766175237120573,False
1.0416666666666663,29.305555555555557,57.6,3.2450916343824754,0.5330122242425454,0.7857982825048394,57.19885500322627,4.784106849504841,False
1.083333333333333,29.27777777777778,58.410000000000004,3.3744711761036577,0.5550689700792732,0.7855925023037063,57.06166820247087,4.775909658232925,False
1.1249999999999998,29.25,57.681000000000004,3.26343344635949,0.5351612975197175,0.7857738240368793,57.1825493579196,4.791677930598612,False
1.1666666666666665,29.22222222222222,58.33710000000001,3.3685698529057557,0.5530108918960329,0.7855980658349931,57.06537722332881,4.785334249022976,False
1.2083333333333333,29.194444444444443,57.746610000000004,3.279278849312561,0.5368932789324418,0.785749073410029,57.16604894001932,4.799259775469605,False
1.25,29.166666666666668,58.278051000000005,3.3648144314588966,0.5513368995679874,0.7855991981789163,57.066132119277555,4.7945195060338754,False
1.2916666666666667,29.13888888888889,57.7997541,3.2931120033628147,0.53828650174459,0.7857244761477761,57.14965076518409,4.806880156482033,False
1.3333333333333335,29.11111111111111,58.230221310000005,3.36279873391533,0.5499728110393943,0.785596750363608,57.064500242405316,4.8035170184104015,False
1.3750000000000002,29.083333333333332,57.842800821000004,3.3053215497088533,0.5394046986330556,0.7857002346011611,57.13348973410746,4.814551900678181,False
1.416666666666667,29.055555555555557,58.19147926110001,3.362192303570546,0.5488588532632038,0.7855913545512558,57.060903034170565,4.812365128703061,False
1.4583333333333337,29.02777777777778,57.877668665010006,3.3162199277395836,0.540299672128232,0.7856764080074251,57.117605338283425,4.82227899699837,False
1.5000000000000004,29.0,58.160098201491,3.362726591097889,0.5479468223182619,0.7855834881730319,57.055658782021325,4.821092809755394,False
1.5416666666666672,28.97222222222222,57.9059116186581,3.3260586178674365,0.541013494316869,0.7856529743688928,57.10198291259525,4.830060383895608,False
1.583333333333334,28.944444444444443,58.13467954320771,3.3641835583741857,0.5471978171808828,0.7855735178582388,57.04901190549252,4.829722322885734,False
1.6250000000000007,28.916666666666664,57.92878841111306,3.335040228814149,0.5415803125601485,0.7856298684995753,57.08657899971684,4.837892286036638,False
1.6666666666666674,28.88888888888889,58.11409042999824,3.3663863116663313,0.5465804265963715,0.7855617296680141,57.04115311200941,4.838271048582926,False
1.7083333333333341,28.86111111111111,58.299392448883424,3.397543995276849,0.5515968656902869,0.7854860373648298,56.990691576553175,4.838177182683868,False
1.7500000000000009,28.833333333333332,58.13262063188676,3.3746100473595826,0.5470256629526796,0.7855361279626812,57.02408530845414,4.845984913537998,False
1.7916666666666676,28.805555555555554,58.28271526718376,3.4003172019126726,0.5510799397890093,0.7854712244809615,56.980816320641004,4.846576918101222,False
1.8333333333333344,28.77777777777778,58.43280990248076,3.425897242900915,0.5551443086245752,0.785401310552185,56.93420703478998,4.846855389831846,False
1.875000000000001,28.75,58.582904537777765,3.4513528415189803,0.5592187897181443,0.7853265712651945,56.88438084346298,4.846831227939593,False
1.9166666666666679,28.72222222222222,58.447819366010464,3.4334654436907517,0.5554878397823748,0.785371910910348,56.91460727356535,4.854376861989429,False
1.9583333333333346,28.694444444444443,58.56939602060103,3.454554152835684,0.5587788965678278,0.7853077858298743,56.87185721991618,4.855029940207275,False
2.0000000000000013,28.666666666666664,58.6909726751916,3.4755575542360733,0.5620760542133841,0.7852403918452029,56.826927896801905,4.85547846294268,False
2.041666666666668,28.63888888888889,58.81254932978217,3.4964771013365743,0.5653793189509816,0.7851698288402815,56.77988589352103,4.855728243286561,False
2.0833333333333344,28.61111111111111,58.93412598437274,3.5173142093119996,0.5686886956939786,0.785096193722552,56.73079581503473,4.855784929023932,False
2.125000000000001,28.583333333333332,59.05570263896331,3.5380702564429543,0.5720041880841622,0.7850195805285383,56.679720352358885,4.855654008226742,False
2.1666666666666674,28.555555555555554,58.9462836498318,3.5242882630829357,0.5689442828267145,0.7850611284155476,56.707418943698464,4.863009971611314,False
2.208333333333334,28.52777777777778,59.04476074005016,3.541565269792471,0.5716197706615594,0.7849952765944967,56.66351772966455,4.8635686713926365,False
2.2500000000000004,28.5,59.14323783026852,3.5587857597913124,0.5742988097268702,0.7849273607444583,56.618240496305596,4.863998090500065,False
2.291666666666667,28.47222222222222,59.24171492048688,3.57595050570459,0.5769813991978592,0.7848574332515772,56.571622167718175,4.8643012395960055,False
2.3333333333333335,28.444444444444443,59.34019201070524,3.5930602637774047,0.5796675376626454,0.784785545234577,56.52369682305134,4.864481060194022,False
2.375,28.416666666666668,59.4386691009236,3.610115774350072,0.5823572231384809,0.784711746581105,56.474497720736686,4.864540426549492,False
2.4166666666666665,28.38888888888889,59.53714619114196,3.627117762315857,0.5850504530873049,0.7846360859827983,56.4240573218656,4.8644821474867,False
2.458333333333333,28.36111111111111,59.44851680994543,3.616594925781883,0.5825377805184028,0.7846716168822454,56.44774458816361,4.871511312958945,False
2.4999999999999996,28.333333333333332,59.5282832530223,3.6308247692647777,0.584708291906842,0.7846062697689848,56.40417984598988,4.872118144771494,False
2.541666666666666,28.305555555555557,59.60804969609917,3.6450166350431004,0.5868807296628673,0.7845395999294775,56.359733286318345,4.872642341205736,False
2.5833333333333326,28.27777777777778,59.68781613917604,3.6591709415721723,0.5890550905303656,0.7844716353630357,56.31442357535711,4.873085486831977,False
2.624999999999999,28.25,59.76758258225291,3.673288100130733,0.5912313709807627,0.7844024035172288,56.268269011485906,4.873449136797468,False
2.6666666666666656,28.22222222222222,59.847349025329784,3.68736851498976,0.5934095672187885,0.7843319313007211,56.22128753381409,4.87373481747906,True
2.708333333333332,28.194444444444446,47.5,1.390486817665842,0.28741643104027464,0.7655930257657446,43.728683843829735,3.7038488237125247,False
2.7499999999999987,28.166666666666668,48.5,1.6622398617638583,0.31068744386795083,0.7724676678279997,48.3117785519998,4.1328562667411965,False
2.791666666666665,28.13888888888889,49.5,1.903473703429744,0.33362172783374233,0.7772037398596587,51.46915990643919,4.434324139006175,False
2.8333333333333317,28.11111111111111,50.5,2.1236309436731013,0.3566199958486124,0.7804989482068092,53.665965471206114,4.64778121589095,False
2.8749999999999982,28.083333333333336,51.5,2.3281898583974514,0.3798807075553137,0.7827672736230942,55.17818241539615,4.797376628212555,False
2.9166666666666647,28.055555555555557,52.5,2.520656604987181,0.4035159092306513,0.7842773236685164,56.184882445677644,4.899171930583572,False
2.9583333333333313,28.02777777777778,53.5,2.703431060492001,0.4275943203860298,0.7852139852509865,56.80932350065765,4.964452930393926,False
2.999999999999998,28.0,54.5,2.8782384422380893,0.45216042218539676,0.7857099210424198,57.13994736161321,5.001456094414413,False
3.0416666666666643,27.972222222222225,55.5,3.0463663006130064,0.4772439947261526,0.7858632771020972,57.24218473473155,5.016359410927417,False
3.083333333333331,27.944444444444446,56.5,3.2088043918129086,0.5028653231971539,0.7857483703273961,57.165580218264076,5.013892796457304,False
3.1249999999999973,27.916666666666668,55.6,3.0684364213904862,0.47975647844384967,0.7858615416495369,57.241027766357966,5.026229524589401,False
3.166666666666664,27.888888888888893,56.410000000000004,3.2003007101791723,0.5004923014381492,0.7857557872814501,57.17052485430008,5.024362606254755,False
3.2083333333333304,27.861111111111114,55.681000000000004,3.0873342346099952,0.48178643925961795,0.7858551495575871,57.23676637172471,5.035836023948991,True
3.249999999999997,27.833333333333336,47.5,1.4668111467943978,0.28896346333942324,0.7679415309132606,45.29435394217369,3.898157866092572,False
3.2916666666666634,27.805555555555557,48.5,1.7279607542546076,0.3117796550608516,0.7741065369607227,49.404357973815166,4.29029185762298,False
3.33333333333333,27.77777777777778,49.5,1.961934694786217,0.334417544875812,0.7783667492930868,52.24449952872453,4.566461162416499,False
3.3749999999999964,27.750000000000004,50.5,2.176713979056016,0.35719411378786714,0.7813202865382716,54.213524358847685,4.761306875392514,False
3.416666666666663,27.722222222222225,51.5,2.3770783637460666,0.38027332781331047,0.7833325198227524,55.555013215168316,4.896590552896978,False
3.4583333333333295,27.694444444444446,52.5,2.566152323986918,0.4037502629430205,0.7846449614184202,56.42997427894685,4.9870394549629395,False
3.499999999999996,27.666666666666668,53.5,2.746107131354819,0.42768422932006334,0.7854259697244952,56.95064648299678,5.0431222587765605,False
3.5416666666666625,27.638888888888893,54.5,2.918521572133961,0.452114016170038,0.7857974453326942,57.19829688846288,5.072540804991766,False
3.583333333333329,27.611111111111114,55.5,3.0845844555719326,0.47706572148794507,0.7858501734343802,57.23344895625351,5.081105433070712,False
3.6249999999999956,27.583333333333336,56.5,3.2452161919350675,0.502557116709279,0.7856532397717115,57.10215984780771,5.073283275039785,False
3.666666666666662,27.555555555555557,55.6,3.1064009149621152,0.4795586373363224,0.785834879010787,57.22325267385801,5.0903434890199994,False
3.7083333333333286,27.527777777777782,56.410000000000004,3.2368049432706925,0.5001886239365307,0.7856628880653136,57.10859204354238,5.084157052234006,False
3.749999999999995,27.500000000000004,55.681000000000004,3.125084448764633,0.48157146610201423,0.785816845240464,57.21123016030939,5.0994383502739415,False
3.7916666666666616,27.472222222222225,56.33710000000001,3.231055938228516,0.49826588436511077,0.7856674727442874,57.11164849619163,5.094740846080635,False
3.833333333333328,27.444444444444446,55.746610000000004,3.1412466413151736,0.48319411718862526,0.7857973122120027,57.19820814133514,5.108471067698984,False
3.8749999999999947,27.41666666666667,56.278051000000005,3.2274672869948864,0.4967025658837947,0.7856680610293053,57.11204068620353,5.105103415153335,False
3.916666666666661,27.388888888888893,55.7997541,3.1553771099472017,0.4844998400432398,0.7857770066863605,57.184671124240374,5.117489368416906,False
3.9583333333333277,27.361111111111114,56.230221310000005,3.2256299874879297,0.4954291936437468,0.7856654150488607,57.11027669924044,5.115293881401941,False
3.9999999999999942,27.333333333333336,55.842800821000004,3.1678686327835046,0.48554823689955307,0.7857563365189353,57.17089101262351,5.126520214271024,False
4.041666666666661,27.30555555555556,56.19147926110001,3.225211216004308,0.49438979814552947,0.7856600883616945,57.10672557446303,5.1253479308348995,False
4.083333333333328,27.277777777777782,55.877668665010006,3.179036811937495,0.4863877564807326,0.7857355127769675,57.15700851797835,5.13557770787249,False
4.124999999999995,27.250000000000004,56.160098201491,3.2259404614186153,0.4935392502429277,0.7856524908738766,57.10166058258439,5.135291990812997,False
4.166666666666662,27.222222222222225,55.9059116186581,3.1891355628911566,0.4870577489883656,0.7857146267098762,57.14308447325084,5.144668088186132,False
4.208333333333329,27.194444444444446,56.13467954320771,3.2275980739121897,0.4928411354805002,0.7856429324144457,57.095288276297126,5.145146037721356,False
4.249999999999996,27.16666666666667,56.36344746775732,3.2657672714918924,0.49864954146524354,0.7855588625579139,57.03924170527589,5.144800525903718,False
4.2916666666666625,27.138888888888893,56.15755633566267,3.2367418905290326,0.493371313511319,0.7856179996937779,57.078666462518626,5.154014065927522,False
4.3333333333333295,27.111111111111114,56.34285835454785,3.268136387736696,0.49806700574143087,0.785545773259705,57.030515506470024,5.1544685679412146,False
4.3749999999999964,27.083333333333336,56.52816037343303,3.2993359835584166,0.5027783964790153,0.7854655102790014,56.97700685266758,5.154387380317256,False
4.416666666666663,27.055555555555557,56.36138855643637,3.2765181385600224,0.49848262618581335,0.7855180611986909,57.01204079912729,5.163197352287703,False
4.45833333333333,27.02777777777778,56.51148319173337,3.302272083449795,0.5022898806020757,0.7854491218470407,56.96608123136051,5.163884060209595,False
4.499999999999997,27.0,56.66157782703037,3.3278944686862046,0.506106811294286,0.7853748527814272,56.91656852095145,5.164215478018527,False
4.541666666666664,26.972222222222225,56.81167246232737,3.3533881446809746,0.5099334372752339,0.7852954575713931,56.863638380928705,5.1642043549114565,False
4.583333333333331,26.944444444444446,56.67658729056007,3.335614857618477,0.5064263697865046,0.7853429521285668,56.89530141904454,5.172719620722664,False
4.624999999999998,26.916666666666668,56.79816394515064,3.3567472691237477,0.5095167238517189,0.7852747229497518,56.84981529983452,5.173468619139212,False
4.666666666666665,26.88888888888889,56.91974059974121,3.3777913720690944,0.5126129006534159,0.7852030196845375,56.802013123025006,5.173986026945997,False
4.708333333333332,26.86111111111111,57.04131725433178,3.3987487174850726,0.5157149054956115,0.7851279521682523,56.75196811216821,5.174278641275835,True
4.749999999999999,26.833333333333336,47.5,1.6623901382873858,0.29242107115949606,0.7733563570754339,48.90423805028929,4.39646834028195,False
4.791666666666666,26.805555555555557,48.5,1.8995520064649256,0.3142662293364466,0.777914291536978,51.942861024652046,4.702028138584456,False
4.833333333333333,26.77777777777778,49.5,2.1163547361983635,0.33621840521794405,0.7810551014482906,54.036734298860445,4.916416345828776,False
4.875,26.75,50.5,2.3180424908489923,0.35845399294577057,0.7831860679190935,55.45737861272899,5.064690642048613,False
4.916666666666667,26.72222222222222,51.5,2.507987981458305,0.38107316202072106,0.7845723694992811,56.38157966618742,5.163570330837065,False
4.958333333333334,26.694444444444443,52.5,2.688507650257462,0.40413749456488823,0.7853968514538687,56.93123430257913,5.224819453822838,False
5.000000000000001,26.666666666666664,53.5,2.861270936002482,0.42768682790682694,0.7857907927219323,57.193861814621584,5.2570250245897885,False
5.041666666666668,26.63888888888889,54.5,3.0275261573755174,0.4517477312949258,0.785851298894887,57.234199263258,5.266623822087406,False
5.083333333333335,26.61111111111111,55.5,3.1882343561000526,0.476338159128143,0.7856518428901365,57.10122859342434,5.258537762375257,False
5.125000000000002,26.583333333333332,54.6,3.0494580421724327,0.45415177933013606,0.78583608855325,57.224059035500076,5.2765931768507786,False
5.166666666666669,26.555555555555554,55.410000000000004,3.179924937623111,0.4740520087704401,0.7856613883276642,57.107592218442804,5.270190179661402,False
5.208333333333336,26.527777777777775,54.681000000000004,3.068252675833408,0.4560926859628502,0.7858178687055669,57.21191247037795,5.286398691712303,False
5.250000000000003,26.5,55.33710000000001,3.1742778517588963,0.4721960401012237,0.7856657678678647,57.110511911909775,5.281538246897395,False
5.29166666666667,26.47222222222222,54.746610000000004,3.0845228440038484,0.4576571630146897,0.7857979609596075,57.19864063973834,5.296129848346228,False
5.333333333333337,26.444444444444443,55.278051000000005,3.170791133962626,0.4706868965677857,0.7856660642440846,57.11070949605639,5.292654222851704,False
5.3750000000000036,26.416666666666664,54.7997541,3.09875898915918,0.4589158609690867,0.7857771451303761,57.18476342025078,5.30583969533494,False
5.4166666666666705,26.388888888888886,55.230221310000005,3.1690556890709276,0.4694575064051469,0.7856630489442783,57.10869929618556,5.303589613499423,False
5.4583333333333375,26.361111111111107,54.842800821000004,3.1113544605925556,0.45992627106172435,0.7857558636771627,57.17057578477514,5.315558525815536,False
5.500000000000004,26.33333333333333,55.19147926110001,3.168738600506089,0.4684538419369003,0.785657281233626,57.10485415575067,5.314381761755291,False
5.541666666666671,26.305555555555554,54.877668665010006,3.1226252580926483,0.4607351282826036,0.7857343502056113,57.15623347040759,5.325302494838437,False
5.583333333333338,26.277777777777775,55.160098201491,3.169569273883498,0.4676323438214238,0.7856491746283932,57.09944975226217,5.32505827891369,False
5.625000000000005,26.249999999999996,54.9059116186581,3.13282557512003,0.4613803921996942,0.7857127105614656,57.14180704097708,5.335079071323986,False
5.666666666666672,26.222222222222218,55.13467954320771,3.1713279896145345,0.4669578671240497,0.7856390414114133,57.092694274275516,5.33564001631878,False
5.708333333333339,26.19444444444444,55.36344746775732,3.209531034846401,0.4725598265889024,0.785552521274021,57.035014182680634,5.335314291801073,False
5.750000000000006,26.166666666666664,55.15755633566267,3.1805696638052097,0.4674680594932382,0.785613097847896,57.075398565264045,5.345172008568416,False
5.791666666666673,26.138888888888886,55.34285835454785,3.211999042869802,0.4719965818939718,0.7855386745105896,57.02578300705973,5.345694370371565,False
5.83333333333334,26.111111111111107,55.52816037343303,3.243229499133516,0.47654044920539507,0.7854559102401367,56.97060682675783,5.345640191944358,False
5.875000000000007,26.08333333333333,55.36138855643637,3.220475904180514,0.4723960725560271,0.7855097638884054,57.006509258937,5.355072605522361,False
5.916666666666674,26.05555555555555,55.51148319173337,3.246262482064154,0.4760676824359571,0.7854385972568906,56.9590648379271,5.355834777932325,False
5.958333333333341,26.02777777777777,55.66157782703037,3.271914754419493,0.4797487340325699,0.785361899944484,56.907933296322724,5.356214630079318,False
6.000000000000008,25.999999999999993,55.81167246232737,3.2974356841053454,0.48343924573187685,0.7852798872982474,56.85325819883158,5.356226134407783,False
6.041666666666675,25.972222222222218,55.961767097624374,3.3228281333954097,0.4871392328488724,0.7851927664123521,56.79517760823478,5.355882750636419,False
6.083333333333342,25.94444444444444,55.82668192585707,3.3051961470317766,0.4837434159771837,0.7852443073284964,56.82953821899758,5.3652129896548235,False
6.125000000000009,25.91666666666666,55.94825858044764,3.3262510604835502,0.48673090172775585,0.7851694983419861,56.77966556132412,5.365738783481143,False
6.166666666666676,25.888888888888882,56.06983523503821,3.34721773832481,0.48972405975310623,0.7850912247810397,56.72748318735981,5.3660244406106665,False
6.208333333333343,25.861111111111104,56.19141188962878,3.368097739596664,0.4927228932072416,0.7850095984697442,56.67306564649613,5.366077141164122,False
6.25000000000001,25.83333333333333,56.31298854421935,3.388892580793549,0.4957274039055677,0.7849247277563043,56.61648517086956,5.365903852435502,False
6.291666666666677,25.80555555555555,56.20356955508784,3.3752941011202977,0.49294805993187973,0.7849693922344867,56.646261489657846,5.374810805696612,False
6.333333333333344,25.77777777777777,56.3020466453062,3.392622044350117,0.4953716844254781,0.7848962713695319,56.59751424635462,5.375471542877571,False
6.375000000000011,25.749999999999993,56.40052373552456,3.409890490944545,0.4977985646758576,0.7848208978130357,56.547265208690455,5.375976361622924,False
6.416666666666678,25.722222222222214,56.49900082574292,3.4271002922267413,0.5002286985818588,0.7847433319970687,56.495554664712444,5.376329087144609,False
6.458333333333345,25.694444444444436,56.59747791596128,3.4442522806293603,0.5026620834218781,0.7846636328193631,56.44242187957542,5.376533452587409,False
6.5000000000000115,25.666666666666657,56.69595500617964,3.4613472702680403,0.5050987158715627,0.784581857689387,56.38790512625803,5.376593101665186,False
6.5416666666666785,25.63888888888888,56.794432096398,3.4783860574928154,0.507538592020747,0.7844980625727207,56.33204171514713,5.376511591204342,False
6.5833333333333455,25.611111111111104,56.70580271520147,3.4680372402497115,0.5052543842507538,0.7845358496229535,56.35723308196907,5.385009269811777,False
6.625000000000012,25.583333333333325,56.78556915827834,3.48231582795905,0.5072196855726138,0.784463296170644,56.30886411376269,5.3857313318271895,False
6.666666666666679,25.555555555555546,56.86533560135521,3.496554431386044,0.5091867078513316,0.7843893033803389,56.259535586892596,5.386354066939069,False
6.708333333333346,25.52777777777777,56.94510204443208,3.510753511397477,0.511155446862337,0.7843139035155724,56.20926901038159,5.386879485892932,False
6.750000000000013,25.499999999999993,57.024868487508954,3.524913520591074,0.5131258980915566,0.7842371281726567,56.1580854484378,5.387309560337313,False
6.79166666666668,25.472222222222214,57.104634930585824,3.539034903498956,0.5150980567416857,0.7841590082969332,56.10600553128883,5.387646223731883,False
6.833333333333347,25.444444444444436,57.184401373662695,3.5531180967847322,0.5170719177382379,0.7840795741985385,56.053049465692354,5.387891372229656,False
6.875000000000014,25.416666666666657,57.264167816739565,3.567163529434482,0.5190474757353858,0.7839988555677019,55.999237045134635,5.388046865534188,False
6.916666666666681,25.38888888888888,57.343934259816436,3.5811716229418273,0.5210247251216007,0.7839168814895923,55.944587659728185,5.388114527732596,False
6.958333333333348,25.3611111111111,57.423700702893306,3.5951427914873446,0.5230036600250995,0.783833680458729,55.889120305819375,5.388096148105266,False
7.000000000000015,25.33333333333332,57.35191090412412,3.5873966672824964,0.5211166055360056,0.7838640179118529,55.909345274568636,5.396164957298326,False
7.041666666666682,25.305555555555546,57.41652172301639,3.5991796171458854,0.5227070329108219,0.7837914861678995,55.860990778599664,5.396916749710678,False
7.083333333333349,25.277777777777768,57.48113254190866,3.6109357882234216,0.524298207527071,0.7837180538903922,55.81203592692814,5.397606797127016,False
7.125000000000016,25.24999999999999,57.54574336080093,3.622665427760905,0.5258901245783286,0.7836437380802371,55.76249205349143,5.398236142770086,False
7.166666666666683,25.22222222222221,57.610354179693196,3.6343687794377417,0.5274827791202894,0.7835685554527198,55.71237030181315,5.398805813596194,False
7.20833333333335,25.194444444444432,57.674964998585466,3.64604608343763,0.529076166072921,0.7834925224431186,55.661681628745775,5.399316820600606,False
7.250000000000017,25.166666666666657,57.739575817477736,3.657697576517475,0.530670280222555,0.7834156552121843,55.61043680812284,5.399770159115958,False
7.291666666666684,25.13888888888888,57.804186636370005,3.6693234920745574,0.5322651162239189,0.7833379696514858,55.55864643432391,5.4001668091038,False
7.333333333333351,25.1111111111111,57.868797455262275,3.6809240602120386,0.5338606686021077,0.7832594813886317,55.50632092575447,5.40050773543956,False
7.375000000000018,25.08333333333332,57.933408274154544,3.6924995078028364,0.5354569317545056,0.7831802057923647,55.45347052824313,5.400793888190985,False
7.416666666666685,25.055555555555543,57.998019093046814,3.704050058551916,0.5370538999526472,0.7831001579775383,55.400105318358875,5.401026202890378,False
7.458333333333352,25.027777777777764,58.062629911939084,3.715575933057064,0.5386515673440323,0.7830193528099756,55.34623520665038,5.401205600800701,False
7.500000000000019,24.999999999999986,58.12724073083135,3.727077348868169,0.5402499279538854,0.7829378049112147,55.2918699408098,5.401332989175769,False
7.541666666666686,24.97222222222221,58.19185154972362,3.738554520545062,0.5418489756868711,0.7828555286631445,55.237019108762944,5.401409261514652,False
7.583333333333353,24.944444444444432,58.25646236861589,3.7500076597139715,0.5434487043287599,0.782772538212532,55.18169214168801,5.401435297810495,True
7.6250000000000195,24.916666666666654,47.5,1.9901492677677481,0.2966909358554807,0.7803729955238929,53.581997015928614,5.234601256521367,False
7.6666666666666865,24.888888888888875,48.5,2.1951626300774243,0.317305482875972,0.7828005979461141,55.200398630742754,5.415521357647792,False
7.7083333333333535,24.861111111111097,49.5,2.387334289237691,0.3382720575661591,0.7843735816586124,56.24905443907491,5.535668421857607,False
7.75000000000002,24.83333333333332,50.5,2.5693438361878145,0.35965838973520387,0.7853111682103004,56.874112140200324,5.610141365021768,False
7.791666666666687,24.805555555555543,51.5,2.7430830909671577,0.38150721350620315,0.7857677480360744,57.178498690716275,5.6497653170326005,False
7.833333333333354,24.777777777777764,52.5,2.909944217531893,0.403846483125458,0.7858557827738188,57.23718851587927,5.66253907474604,False
7.875000000000021,24.749999999999986,53.5,3.070985356537689,0.4266947846934387,0.7856592867961308,57.10619119742057,5.654505870542137,False
7.916666666666688,24.722222222222207,52.6,2.932144853220924,0.4060793726349922,0.7858421996869407,57.228133124627135,5.6742679301936,False
7.958333333333355,24.69444444444443,53.410000000000004,3.062882539247894,0.4245685861333688,0.7856683859681404,57.11225731209356,5.667894563129482,False
8.000000000000021,24.66666666666665,52.681000000000004,2.9511951273629253,0.4078818770390625,0.7858248041223291,57.21653608155278,5.6857694921920805,False
8.041666666666687,24.638888888888875,53.33710000000001,3.057444939591303,0.4228424418768072,0.7856722221258788,57.11481475058591,5.680956597105442,False
8.083333333333353,24.6111111111111,52.746610000000004,2.9677112055790325,0.40933452911627216,0.7858051424830828,57.20342832205518,5.697156142149573,True
8.12500000000002,24.58333333333332,47.5,2.042385200272117,0.2971965680762307,0.7812406659245741,54.16044394971603,5.368818301851368,False
8.166666666666686,24.555555555555543,48.5,2.2430142683404615,0.3176430198944409,0.7833837310852568,55.58915405683788,5.531810165367245,False
8.208333333333352,24.527777777777764,49.5,2.4316851340607513,0.3384641320781717,0.7847406381882036,56.493758792135765,5.63794494931851,False
8.250000000000018,24.49999999999999,50.5,2.6108134402491734,0.3597180248422103,0.7855103263571812,57.00688423812078,5.701190309847365,False
8.291666666666684,24.47222222222221,51.5,2.782125984683386,0.3814417724229882,0.7858342839249611,57.222855949974104,5.731648023432202,False
8.33333333333335,24.444444444444432,52.5,2.9469057203995566,0.40365973790745535,0.7858163066015592,57.21087106770615,5.73682820365478,False
8.375000000000016,24.416666666666657,53.5,3.1061352270991867,0.4263880900002521,0.785534339864749,57.02289324316602,5.7224297356630185,False
8.416666666666682,24.38888888888888,52.6,2.9688479576392353,0.40587422624260766,0.7857881570609464,57.19210470729762,5.747804158012803,False
8.458333333333348,24.3611111111111,53.410000000000004,3.0981215591174074,0.42426567740433685,0.7855453656931284,57.030243795418926,5.7362995941791715,False
8.500000000000014,24.333333333333325,52.681000000000004,2.9876796376253107,0.407660562075578,0.7857582230391484,57.17214869276561,5.758697459273679,False
8.54166666666668,24.305555555555546,53.33710000000001,3.092744742414126,0.4225413187492258,0.7855498566344921,57.03323775632805,5.749745838352872,False
8.583333333333346,24.277777777777768,52.746610000000004,3.0040085602301985,0.409098845951723,0.785727603514722,57.151735676481366,5.76958959998123,False
8.625000000000012,24.249999999999993,53.278051000000005,3.0895072945454607,0.42113779410179647,0.7855491285332554,57.032752355503646,5.7628638341603775,False
8.666666666666679,24.222222222222214,52.7997541,3.0183210725956475,0.4102543576810266,0.7856968891637255,57.1312594424837,5.780524771609015,False
8.708333333333345,24.194444444444436,53.230221310000005,3.0880037938949267,0.41999298793760836,0.785544143000138,57.029428666758655,5.775723318068162,False
8.75000000000001,24.166666666666657,52.842800821000004,3.03100716683867,0.4111802278753417,0.7856663635987792,57.1109090658528,5.791524536860605,False
8.791666666666677,24.138888888888882,53.19147926110001,3.087904334074318,0.4190568776675746,0.7855356145254994,57.023743016999596,5.7883761320515195,False
8.833333333333343,24.111111111111107,52.877668665010006,3.042380094416406,0.4119196524985851,0.7856361280423402,57.0907520282268,5.802596945574488,False
8.875000000000009,24.08333333333333,53.160098201491,3.0889407868870897,0.4182891418328746,0.7855240834877548,57.01605565850323,5.800861504401414,False
8.916666666666675,24.05555555555555,52.9059116186581,3.052691801032673,0.4125077198924216,0.7856061785987773,57.070785732518225,5.8137422031144785,False
8.958333333333341,24.02777777777777,53.13467954320771,3.090895452946184,0.41765725405585746,0.7855099659454936,57.00664396366244,5.813209655542405,False
